Function Code;Modbus address;Object designation;WPMsystem;WPM 3;WPM 3i;Comments;Min. value;Max. value;Step size;Data type;Unit;Write/read (w/r);Coding
0x04;501;ACTUAL TEMPERATURE FE7;x;x;x;;;;;2;°C;r;
0x04;502;SET TEMPERATURE FE7;x;x;x;;;;;2;°C;r;
0x04;503;ACTUAL TEMPERATURE FEK;;x;x;;;;;2;°C;r;
0x04;504;SET TEMPERATURE FEK;;x;x;;;;;2;°C;r;
0x04;505;RELATIVE HUMIDITY;;x;x;;;;;2;%;r;
0x04;506;DEW POINT TEMPERATURE;;x;x;;-40;30;;2;°C;r;
0x04;507;OUTSIDE TEMPERATURE;x;x;x;;-60;80;;2;°C;r;
0x04;508;ACTUAL TEMPERATURE HK 1;x;x;x;;0;40;;2;°C;r;
0x04;509;SET TEMPERATURE HK 1;;;x;;0;65;;2;°C;r;
0x04;510;SET TEMPERATURE HK 1;x;x;;;0;40;;2;°C;r;
0x04;511;ACTUAL TEMPERATURE HK 2;x;x;x;;0;90;;2;°C;r;
0x04;512;SET TEMPERATURE HK 2;x;x;x;;0;65;;2;°C;r;
0x04;513;ACTUAL FLOW TEMPERATURE WP;x;x;x;MFG, if available;;;;2;°C;r;
0x04;514;ACTUAL FLOW TEMPERATURE NHZ;x;x;x;MFG, if available;;;;2;°C;r;
0x04;515;ACTUAL FLOW TEMPERATURE;x;x;x;;;;;2;°C;r;
0x04;516;ACTUAL RETURN TEMPERATURE;x;x;x;;0;90;;2;°C;r;
0x04;517;SET FIXED TEMPERATURE;x;x;x;;20;50;;2;°C;r;
0x04;518;ACTUAL BUFFER TEMPERATURE;x;x;x;;0;90;;2;°C;r;
0x04;519;SET BUFFER TEMPERATURE;x;x;x;;;;;2;°C;r;
0x04;520;HEATING PRESSURE;x;x;x;MFG, if available;;;;7;bar;r;
0x04;521;FLOW RATE;x;x;x;MFG, if available;;;;2;l/min;r;
0x04;522;ACTUAL TEMPERATURE;x;x;x;DHW;10;65;;2;°C;r;
0x04;523;SET TEMPERATURE;x;x;x;DHW;10;65;;2;°C;r;
0x04;524;ACTUAL TEMPERATURE FAN;x;x;x;Cooling;;;;2;K;r;
0x04;525;SET TEMPERATURE FAN;x;x;x;Cooling;7;25;;2;K;r;
0x04;526;ACTUAL TEMPERATURE AREA;x;x;x;Cooling;;;;2;K;r;
0x04;527;SET TEMPERATURE AREA;x;x;x;Cooling;;;;2;K;r;
0x04;528;COLLECTOR TEMPERATURE;;x;;Solar thermal;0;90;;2;°C;r;
0x04;529;CYLINDER TEMPERATURE;;x;;Solar thermal;0;90;;2;°C;r;
0x04;530;RUNTIME;;x;;Solar thermal;;;;6;h;r;
0x04;531;ACTUAL TEMPERATURE;x;x;;External heat source;10;90;;2;°C;r;
0x04;532;SET TEMPERATURE;x;x;;External heat source;;;;2;K;r;
0x04;533;APPLICATION LIMIT HZG;x;x;x;Lower heating limit;-40;40;;2;°C;r;
0x04;534;APPLICATION LIMIT WW;x;x;x;Lower DHW limit;-40;40;;2;°C;r;
0x04;535;RUNTIME;x;x;;External heat source;;;;6;h;r;
0x04;536;SOURCE TEMPERATURE;x;x;x;;;;;2;°C;r;
0x04;537;MIN SOURCE TEMPERATURE;x;x;x;;-10;10;;2;°C;r;
0x04;538;SOURCE PRESSURE;x;x;x;;;;;7;bar;r;
0x04;539;HOT GAS TEMPERATURE;;;x;;;;;2;°C;r;
0x04;540;HIGH PRESSURE;;;x;;;;;2;bar;r;
0x04;541;LOW PRESSURE;;;x;;;;;2;bar;r;
0x04;542;RETURN TEMPERATURE HP1;x;x;;Heat pump 1;;;;2;°C;r;
0x04;543;FLOW TEMPERATURE HP1;x;x;;Heat pump 1;;;;2;°C;r;
0x04;544;HOT GAS TEMPERATURE HP1;x;x;;Heat pump 1;;;;2;°C;r;
0x04;545;LOW PRESSURE HP1;x;x;;Heat pump 1;;;;7;bar;r;
0x04;546;MEAN PRESSURE HP1;x;x;;Heat pump 1;;;;7;bar;r;
0x04;547;HIGH PRESSURE HP1;x;x;;Heat pump 1;;;;7;bar;r;
0x04;548;WP WATER FLOW RATE HP1;x;x;;Heat pump 1;;;;2;l/min;r;
0x04;549;RETURN TEMPERATURE HP2;x;x;;Heat pump 2;;;;2;°C;r;
0x04;550;FLOW TEMPERATURE HP2;x;x;;Heat pump 2;;;;2;°C;r;
0x04;551;HOT GAS TEMPERATURE HP2;x;x;;Heat pump 2;;;;2;°C;r;
0x04;552;LOW PRESSURE HP2;x;x;;Heat pump 2;;;;7;bar;r;
0x04;553;MEAN PRESSURE HP2;x;x;;Heat pump 2;;;;7;bar;r;
0x04;554;HIGH PRESSURE HP2;x;x;;Heat pump 2;;;;7;bar;r;
0x04;555;WP WATER FLOW RATE HP2;x;x;;Heat pump 2;;;;2;l/min;r;
0x04;556;RETURN TEMPERATURE HP3;x;x;;Heat pump 3;;;;2;°C;r;
0x04;557;FLOW TEMPERATURE HP3;x;x;;Heat pump 3;;;;2;°C;r;
0x04;558;HOT GAS TEMPERATURE HP3;x;x;;Heat pump 3;;;;2;°C;r;
0x04;559;LOW PRESSURE HP3;x;x;;Heat pump 3;;;;7;bar;r;
0x04;560;MEAN PRESSURE HP3;x;x;;Heat pump 3;;;;7;bar;r;
0x04;561;HIGH PRESSURE HP3;x;x;;Heat pump 3;;;;7;bar;r;
0x04;562;WP WATER FLOW RATE HP3;x;x;;Heat pump 3;;;;2;l/min;r;
0x04;563;RETURN TEMPERATURE HP4;x;x;;Heat pump 4;;;;2;°C;r;
0x04;564;FLOW TEMPERATURE HP4;x;x;;Heat pump 4;;;;2;°C;r;
0x04;565;HOT GAS TEMPERATURE HP4;x;x;;Heat pump 4;;;;2;°C;r;
0x04;566;LOW PRESSURE HP4;x;x;;Heat pump 4;;;;7;bar;r;
0x04;567;MEAN PRESSURE HP4;x;x;;Heat pump 4;;;;7;bar;r;
0x04;568;HIGH PRESSURE HP4;x;x;;Heat pump 4;;;;7;bar;r;
0x04;569;WP WATER FLOW RATE HP4;x;x;;Heat pump 4;;;;2;l/min;r;
0x04;570;RETURN TEMPERATURE HP5;x;x;;Heat pump 5;;;;2;°C;r;
0x04;571;FLOW TEMPERATURE HP5;x;x;;Heat pump 5;;;;2;°C;r;
0x04;572;HOT GAS TEMPERATURE HP5;x;x;;Heat pump 5;;;;2;°C;r;
0x04;573;LOW PRESSURE HP5;x;x;;Heat pump 5;;;;7;bar;r;
0x04;574;MEAN PRESSURE HP5;x;x;;Heat pump 5;;;;7;bar;r;
0x04;575;HIGH PRESSURE HP5;x;x;;Heat pump 5;;;;7;bar;r;
0x04;576;WP WATER FLOW RATE HP5;x;x;;Heat pump 5;;;;2;l/min;r;
0x04;577;RETURN TEMPERATURE HP6;x;x;;Heat pump 6;;;;2;°C;r;
0x04;578;FLOW TEMPERATURE HP6;x;x;;Heat pump 6;;;;2;°C;r;
0x04;579;HOT GAS TEMPERATURE HP6;x;x;;Heat pump 6;;;;2;°C;r;
0x04;580;LOW PRESSURE HP6;x;x;;Heat pump 6;;;;7;bar;r;
0x04;581;MEAN PRESSURE HP6;x;x;;Heat pump 6;;;;7;bar;r;
0x04;582;HIGH PRESSURE HP6;x;x;;Heat pump 6;;;;7;bar;r;
0x04;583;WP WATER FLOW RATE HP6;x;x;;Heat pump 6;;;;2;l/min;r;
0x04;584;ACTUAL TEMPERATURE heating circuit 1;x;;;Room temperature, heating circuit 1;;;;2;°C;r;
0x04;585;SET TEMPERATURE heating circuit 1;x;;;Room temperature, heating circuit 1;;;;2;°C;r;
0x04;586;RELATIVE HUMIDITY heating circuit 1;x;;;Heating circuit 1;;;;2;%;r;
0x04;587;DEW POINT TEMPERATURE heating circuit 1;x;;;Heating circuit 1;;;;2;°C;r;
0x04;588;ACTUAL TEMPERATURE heating circuit 2;x;;;Room temperature, heating circuit 2;;;;2;°C;r;
0x04;589;SET TEMPERATURE heating circuit 2;x;;;Room temperature, heating circuit 2;;;;2;°C;r;
0x04;590;RELATIVE HUMIDITY heating circuit 2;x;;;Heating circuit 2;;;;2;%;r;
0x04;591;DEW POINT TEMPERATURE heating circuit 2;x;;;Heating circuit 2;;;;2;°C;r;
0x04;592;ACTUAL TEMPERATURE heating circuit 3;x;;;Room temperature, heating circuit 3;;;;2;°C;r;
0x04;593;SET TEMPERATURE heating circuit 3;x;;;Room temperature, heating circuit 3;;;;2;°C;r;
0x04;594;RELATIVE HUMIDITY heating circuit 3;x;;;Heating circuit 3;;;;2;%;r;
0x04;595;DEW POINT TEMPERATURE heating circuit 3;x;;;Heating circuit 3;;;;2;°C;r;
0x04;596;ACTUAL TEMPERATURE heating circuit 4;x;;;Room temperature, heating circuit 4;;;;2;°C;r;
0x04;597;SET TEMPERATURE heating circuit 4;x;;;Room temperature, heating circuit 4;;;;2;°C;r;
0x04;598;RELATIVE HUMIDITY heating circuit 4;x;;;Heating circuit 4;;;;2;%;r;
0x04;599;DEW POINT TEMPERATURE heating circuit 4;x;;;Heating circuit 4;;;;2;°C;r;
0x04;600;ACTUAL TEMPERATURE heating circuit 5;x;;;Room temperature, heating circuit 5;;;;2;°C;r;
0x04;601;SET TEMPERATURE heating circuit 5;x;;;Room temperature, heating circuit 5;;;;2;°C;r;
0x04;602;RELATIVE HUMIDITY heating circuit 5;x;;;Heating circuit 5;;;;2;%;r;
0x04;603;DEW POINT TEMPERATURE heating circuit 5;x;;;Heating circuit 5;;;;2;°C;r;
0x04;604;SET TEMPERATURE cooling circuit 1;x;;;Room temperature, cooling circuit 1;;;;2;°C;r;
0x04;605;SET TEMPERATURE cooling circuit 2;x;;;Room temperature, cooling circuit 2;;;;2;°C;r;
0x04;606;SET TEMPERATURE cooling circuit 3;x;;;Room temperature, cooling circuit 3;;;;2;°C;r;
0x04;607;SET TEMPERATURE cooling circuit 4;x;;;Room temperature, cooling circuit 4;;;;2;°C;r;
0x04;608;SET TEMPERATURE cooling circuit 5;x;;;Room temperature, cooling circuit 5;;;;2;°C;r;
0x03;1501;OPERATING MODE;x;x;x;;0;5;1;8;;r/w;STANDBY MODE 1 PROGRAMMED OPERATION 2 COMFORT MODE 3 ECO MODE 4 DHW MODE 5 EMERGENCY OPERATION 0
0x03;1502;COMFORT TEMPERATURE Heating circuit 1;x;x;x;Heating circuit 1;5;30;1;2;°C;r/w;
0x03;1503;ECO TEMPERATURE Heating circuit 1;x;x;x;Heating circuit 1;5;30;1;2;°C;r/w;
0x03;1504;HEATING CURVE RISE Heating circuit 1;x;x;x;Heating circuit 1;0;3;1;7;;r/w;
0x03;1505;COMFORT TEMPERATURE Heating circuit 2;x;x;x;Heating circuit 2;5;30;1;2;°C;r/w;
0x03;1506;ECO TEMPERATURE Heating circuit 2;x;x;x;Heating circuit 2;5;30;1;2;°C;r/w;
0x03;1507;HEATING CURVE RISE Heating circuit 2;x;x;x;Heating circuit 2;0;3;1;7;;r/w;
0x03;1508;FIXED VALUE OPERATION;x;x;x;(*);OFF/20°;70°;;2;°C;r/w;
0x03;1509;DUAL MODE TEMP HZG;;x;x;Observe application limits.;-40;40;5;2;°C;r/w;
0x03;1510;COMFORT TEMPERATURE;x;x;x;DHW;10;60;5;2;°C;r/w;
0x03;1511;ECO TEMPERATURE;x;x;x;DHW;10;60;5;2;°C;r/w;
0x03;1512;DHW STAGES;x;x;x;Please note: Observe number of connected heat pumps;0;6;1;8;;r/w;
0x03;1513;DUAL MODE TEMP WW;x;x;x;DHW temperatures;-40;40;1;2;°C;r/w;
0x03;1514;SET FLOW TEMPERATURE;x;x;x;Area cooling;7;25;1;2;°C;r/w;
0x03;1515;FLOW TEMP HYSTERESIS;;x;x;Cooling;1;5;1;2;K;r/w;
0x03;1516;SET ROOM TEMPERATURE;x;x;x;Area cooling;20;30;1;2;°C;r/w;
0x03;1517;SET FLOW TEMPERATURE;x;x;x;Fan cooling;7;25;1;2;°C;r/w;
0x03;1518;FLOW TEMP HYSTERESIS;;x;x;Fan cooling;1;5;1;2;K;r/w;
0x03;1519;SET ROOM TEMPERATURE;x;x;x;Fan cooling;20;30;1;2;°C;r/w;
0x03;1520;RESET;x;x;x;Please note: Reset system is factory reset.;1;3;1;6;;r/w;FAULT LIST RESET 2 All settings lost when performed. HEAT PUMP RESET 3 SYSTEM RESET 1
0x03;1521;RESTART ISG;x;x;x;;0;2;1;6;;r/w;OFF 0 RESTART 1 SERVICE KEY 2
0x04;2501;OPERATING STATUS;x;x;x;bit-coded, WPM 3i does not support silent mode;;;;6;;r;HC 1 PUMP B0 HC 2 PUMP B1 HEAT-UP PROGRAM B2 NHZ STAGES RUNNING B3 HP IN HEATING MODE B4 HP IN DHW MODE B5 COMPRESSOR RUNNING B6 SUMMER MODE ACTIVE B7 COOLING MODE ACTIVE B8 MIN. ONE IWS IN DEFROST MODE B9 SILENT MODE 1 ACTIVE B10 SILENT MODE 2 ACTIVE (HP OFF) B11
0x04;2502;POWER-OFF;x;x;x;bit-coded;;;;8;;r;POWER-OFF B0
0x04;2503;OPERATING STATUS;;x;;bit-coded;;;;6;;r;COMPRESSOR-1 B0 COMPRESSOR-2 B1 COMPRESSOR-3 B2 COMPRESSOR-4 B3 COMPRESSOR-5 B4 COMPRESSOR-6 B5 BUFFER CHARGING PUMP-1 B6 BUFFER CHARGING PUMP-2 B7 BUFFER CHARGING PUMP-3 B8 BUFFER CHARGING PUMP-4 B9 BUFFER CHARGING PUMP-5 B10 BUFFER CHARGING PUMP-6 B11 NHZ-1 B12 NHZ-2 B13
0x04;2504;FAULT STATUS;x;x;x;System fault, Fault acknowledgement via Servicewelt interface;0;1;;6;;r;NO FAULT 0 FAULT 1
0x04;2505;BUS-STATUS;x;x;x;;-4;0;;6;;r;STATUS OK 0 STATUS ERROR -1 ERROR-PASSIVE -2 BUS-OFF -3 PHYSICAL-ERROR -4
0x04;2506;DEFROST INITIATED;x;x;;defrost initiated;0;1;;6;;r;OFF 0 INITIATED 1
0x04;2507;active error;x;x;x;Fault number;0;65535;;6;;r;
0x04;2508;Message number;x;;;Message number;0;65535;;6;;r;
0x04;2509;HEATING CIRCUIT PUMP 1;x;;;WPM status;0;1;;6;;r;
0x04;2510;HEATING CIRCUIT PUMP 2;x;;;WPM status;0;1;;6;;r;
0x04;2511;HEATING CIRCUIT PUMP 3;x;;;WPM status;0;1;;6;;r;
0x04;2512;BUFFER CHARGING PUMP 1;x;;;WPM status;0;1;;6;;r;
0x04;2513;BUFFER CHARGING PUMP 2;x;;;WPM status;0;1;;6;;r;
0x04;2514;DHW CHARGING PUMP;x;;;WPM status;0;1;;6;;r;
0x04;2515;SOURCE PUMP;x;;;WPM status;0;1;;6;;r;
0x04;2516;FAULT OUTPUT;x;;;WPM status;0;1;;6;;r;
0x04;2517;DHW CIRCULATION PUMP;x;;;WPM status;0;1;;6;;r;
0x04;2518;WE 2 DHW;x;;;WPM status;0;1;;6;;r;
0x04;2519;WE 2 HEATING;x;;;WPM status;0;1;;6;;r;
0x04;2520;COOLING MODE;x;;;WPM status;0;1;;6;;r;
0x04;2521;MIXER OPEN, HTG CIRCUIT 2;x;;;WPM status;0;1;;6;;r;
0x04;2522;MIXER CLOSE, HTG CIRCUIT 2;x;;;WPM status;0;1;;6;;r;
0x04;2523;MIXER OPEN, HTG CIRCUIT 3;x;;;WPM status;0;1;;6;;r;
0x04;2524;MIXER CLOSE, HTG CIRCUIT 3;x;;;WPM status;0;1;;6;;r;
0x04;2525;NHZ 1;x;;;WPM status;0;1;;6;;r;
0x04;2526;NHZ 2;x;;;WPM status;0;1;;6;;r;
0x04;2527;NHZ 1/2;x;;;WPM status;0;1;;6;;r;
0x04;2528;HEATING CIRCUIT PUMP 4;x;;;WPE status;0;1;;6;;r;
0x04;2529;HEATING CIRCUIT PUMP 5;x;;;WPE status;0;1;;6;;r;
0x04;2530;BUFFER CHARGING PUMP 3;x;;;WPE status;0;1;;6;;r;
0x04;2531;BUFFER CHARGING PUMP 4;x;;;WPE status;0;1;;6;;r;
0x04;2532;BUFFER CHARGING PUMP 5;x;;;WPE status;0;1;;6;;r;
0x04;2533;BUFFER CHARGING PUMP 6;x;;;WPE status;0;1;;6;;r;
0x04;2534;DIFF. CONTROLLER PUMP 1;x;;;WPE status;0;1;;6;;r;
0x04;2535;DIFF. CONTROLLER PUMP 2;x;;;WPE status;0;1;;6;;r;
0x04;2536;POOL PUMP, PRIMARY;x;;;WPE status;0;1;;6;;r;
0x04;2537;POOL PUMP, SECONDARY;x;;;WPE status;0;1;;6;;r;
0x04;2538;MIXER OPEN, HTG CIRCUIT 4;x;;;WPE status;0;1;;6;;r;
0x04;2539;MIXER CLOSE, HTG CIRCUIT 4;x;;;WPE status;0;1;;6;;r;
0x04;2540;MIXER OPEN, HTG CIRCUIT 5;x;;;WPE status;0;1;;6;;r;
0x04;2541;MIXER CLOSE, HTG CIRCUIT 5;x;;;WPE status;0;1;;6;;r;
0x04;2542;COMPRESSOR 1;x;;;Heat pump status 1;0;1;;6;;r;
0x04;2543;COMPRESSOR 2;x;;;Heat pump status 2;0;1;;6;;r;
0x04;2544;COMPRESSOR 3;x;;;Heat pump status 3;0;1;;6;;r;
0x04;2545;COMPRESSOR 4;x;;;Heat pump status 4;0;1;;6;;r;
0x04;2546;COMPRESSOR 5;x;;;Heat pump status 5;0;1;;6;;r;
0x04;2547;COMPRESSOR 6;x;;;Heat pump status 6;0;1;;6;;r;
0x04;3501;VD HEATING DAY;x;x;x;Amount of heat - all heat pumps;0;65535;;6;kWh;r;
0x04;3502;VD HEATING TOTAL;x;x;x;Amount of heat - all heat pumps;0;999;;6;kWh;r;
0x04;3503;VD HEATING TOTAL;x;x;x;Amount of heat - all heat pumps;0;65535;;6;MWh;r;
0x04;3504;VD DHW DAY;x;x;x;Amount of heat - all heat pumps;0;65535;;6;kWh;r;
0x04;3505;VD DHW TOTAL;x;x;x;Amount of heat - all heat pumps;0;999;;6;kWh;r;
0x04;3506;VD DHW TOTAL;x;x;x;Amount of heat - all heat pumps;0;65535;;6;MWh;r;
0x04;3507;NHZ HEATING TOTAL;x;x;x;Amount of heat - all heat pumps;0;999;;6;kWh;r;
0x04;3508;NHZ HEATING TOTAL;x;x;x;Amount of heat - all heat pumps;0;65535;;6;MWh;r;
0x04;3509;NHZ DHW TOTAL;x;x;x;Amount of heat - all heat pumps;0;999;;6;kWh;r;
0x04;3510;NHZ DHW TOTAL;x;x;x;Amount of heat - all heat pumps;0;65535;;6;MWh;r;
0x04;3511;VD HEATING DAY;x;x;x;Power consumption - all heat pumps;0;65535;;6;kWh;r;
0x04;3512;VD HEATING TOTAL;x;x;x;Power consumption - all heat pumps;0;999;;6;kWh;r;
0x04;3513;VD HEATING TOTAL;x;x;x;Power consumption - all heat pumps;0;65535;;6;MWh;r;
0x04;3514;VD DHW DAY;x;x;x;Power consumption - all heat pumps;0;65535;;6;kWh;r;
0x04;3515;VD DHW TOTAL;x;x;x;Power consumption - all heat pumps;0;999;;6;kWh;r;
0x04;3516;VD DHW TOTAL;x;x;x;Power consumption - all heat pumps;0;65535;;6;MWh;r;
0x04;3517;VD HEATING;;;x;Runtime;0;999;;6;h;r;
0x04;3518;VD DHW;;;x;Runtime;0;999;;6;h;r;
0x04;3519;VD COOLING;;;x;Runtime;0;999;;6;h;r;
0x04;3520;NHZ 1;;;x;Runtime;0;999;;6;h;r;
0x04;3521;NHZ 2;;;x;Runtime;0;999;;6;h;r;
0x04;3522;NHZ 1/2;;;x;Runtime;0;999;;6;h;r;
0x04;3523;VD HEATING DAY;x;x;;Amount of heat HP 1;0;65535;;6;kWh;r;
0x04;3524;VD HEATING TOTAL;x;x;;Amount of heat HP 1;0;999;;6;kWh;r;
0x04;3525;VD HEATING TOTAL;x;x;;Amount of heat HP 1;0;65535;;6;MWh;r;
0x04;3526;VD DHW DAY;x;x;;Amount of heat HP 1;0;65535;;6;kWh;r;
0x04;3527;VD DHW TOTAL;x;x;;Amount of heat HP 1;0;999;;6;kWh;r;
0x04;3528;VD DHW TOTAL;x;x;;Amount of heat HP 1;0;65535;;6;MWh;r;
0x04;3529;NHZ HEATING TOTAL;x;x;;Amount of heat HP 1;0;999;;6;kWh;r;
0x04;3530;NHZ HEATING TOTAL;x;x;;Amount of heat HP 1;0;65535;;6;MWh;r;
0x04;3531;NHZ DHW TOTAL;x;x;;Amount of heat HP 1;0;999;;6;kWh;r;
0x04;3532;NHZ DHW TOTAL;x;x;;Amount of heat HP 1;0;65535;;6;MWh;r;
0x04;3533;VD HEATING DAY;x;x;;Power consumption HP 1;0;65535;;6;kWh;r;
0x04;3534;VD HEATING TOTAL;x;x;;Power consumption HP 1;0;999;;6;kWh;r;
0x04;3535;VD HEATING TOTAL;x;x;;Power consumption HP 1;0;65535;;6;MWh;r;
0x04;3536;VD DHW DAY;x;x;;Power consumption HP 1;0;65535;;6;kWh;r;
0x04;3537;VD DHW TOTAL;x;x;;Power consumption HP 1;0;999;;6;kWh;r;
0x04;3538;VD DHW TOTAL;x;x;;Power consumption HP 1;0;65535;;6;MWh;r;
0x04;3539;VD 1 HEATING;x;x;;Runtime HP 1;;;;6;h;r;
0x04;3540;VD 2 HEATING;x;x;;Runtime HP 1;;;;6;h;r;
0x04;3541;VD 1/2 HEATING;x;x;;Runtime HP 1;;;;6;h;r;
0x04;3542;VD 1 DHW;x;x;;Runtime HP 1;;;;6;h;r;
0x04;3543;VD 2 DHW;x;x;;Runtime HP 1;;;;6;h;r;
0x04;3544;VD 1/2 DHW;x;x;;Runtime HP 1;;;;6;h;r;
0x04;3545;VD COOLING;x;x;;Runtime HP 1;;;;6;h;r;
0x04;3546;NHZ 1;x;x;;Runtime reheating stage;;;;6;h;r;
0x04;3547;NHZ 2;x;x;;Runtime reheating stage;;;;6;h;r;
0x04;3548;NHZ 1/2;x;x;;Runtime reheating stage;;;;6;h;r;
0x04;3549;VD HEATING DAY;x;x;;Amount of heat HP 2;0;65535;;6;kWh;r;
0x04;3550;VD HEATING TOTAL;x;x;;Amount of heat HP 2;0;999;;6;kWh;r;
0x04;3551;VD HEATING TOTAL;x;x;;Amount of heat HP 2;0;65535;;6;MWh;r;
0x04;3552;VD DHW DAY;x;x;;Amount of heat HP 2;0;65535;;6;kWh;r;
0x04;3553;VD DHW TOTAL;x;x;;Amount of heat HP 2;0;999;;6;kWh;r;
0x04;3554;VD DHW TOTAL;x;x;;Amount of heat HP 2;0;65535;;6;MWh;r;
0x04;3555;VD HEATING DAY;x;x;;Power consumption HP 2;0;65535;;6;kWh;r;
0x04;3556;VD HEATING TOTAL;x;x;;Power consumption HP 2;0;999;;6;kWh;r;
0x04;3557;VD HEATING TOTAL;x;x;;Power consumption HP 2;0;65535;;6;MWh;r;
0x04;3558;VD DHW DAY;x;x;;Power consumption HP 2;0;65535;;6;kWh;r;
0x04;3559;VD DHW TOTAL;x;x;;Power consumption HP 2;0;999;;6;kWh;r;
0x04;3560;VD DHW TOTAL;x;x;;Power consumption HP 2;0;65535;;6;MWh;r;
0x04;3561;VD 1 HEATING;x;x;;Runtime HP 2;;;;6;h;r;
0x04;3562;VD 2 HEATING;x;x;;Runtime HP 2;;;;6;h;r;
0x04;3563;VD 1/2 HEATING;x;x;;Runtime HP 2;;;;6;h;r;
0x04;3564;VD 1 DHW;x;x;;Runtime HP 2;;;;6;h;r;
0x04;3565;VD 2 DHW;x;x;;Runtime HP 2;;;;6;h;r;
0x04;3566;VD 1/2 DHW;x;x;;Runtime HP 2;;;;6;h;r;
0x04;3567;VD COOLING;x;x;;Runtime HP 2;;;;6;h;r;
0x04;3568;VD HEATING DAY;x;x;;Amount of heat HP 3;0;65535;;6;kWh;r;
0x04;3569;VD HEATING TOTAL;x;x;;Amount of heat HP 3;0;999;;6;kWh;r;
0x04;3570;VD HEATING TOTAL;x;x;;Amount of heat HP 3;0;65535;;6;MWh;r;
0x04;3571;VD DHW DAY;x;x;;Amount of heat HP 3;0;65535;;6;kWh;r;
0x04;3572;VD DHW TOTAL;x;x;;Amount of heat HP 3;0;999;;6;kWh;r;
0x04;3573;VD DHW TOTAL;x;x;;Amount of heat HP 3;0;65535;;6;MWh;r;
0x04;3574;VD HEATING DAY;x;x;;Power consumption HP 3;0;65535;;6;kWh;r;
0x04;3575;VD HEATING TOTAL;x;x;;Power consumption HP 3;0;999;;6;kWh;r;
0x04;3576;VD HEATING TOTAL;x;x;;Power consumption HP 3;0;65535;;6;MWh;r;
0x04;3577;VD DHW DAY;x;x;;Power consumption HP 3;0;65535;;6;kWh;r;
0x04;3578;VD DHW TOTAL;x;x;;Power consumption HP 3;0;999;;6;kWh;r;
0x04;3579;VD DHW TOTAL;x;x;;Power consumption HP 3;0;65535;;6;MWh;r;
0x04;3580;VD 1 HEATING;x;x;;Runtime HP 3;;;;6;h;r;
0x04;3581;VD 2 HEATING;x;x;;Runtime HP 3;;;;6;h;r;
0x04;3582;VD 1/2 HEATING;x;x;;Runtime HP 3;;;;6;h;r;
0x04;3583;VD 1 DHW;x;x;;Runtime HP 3;;;;6;h;r;
0x04;3584;VD 2 DHW;x;x;;Runtime HP 3;;;;6;h;r;
0x04;3585;VD 1/2 DHW;x;x;;Runtime HP 3;;;;6;h;r;
0x04;3586;VD COOLING;x;x;;Runtime HP 3;;;;6;h;r;
0x04;3587;VD HEATING DAY;x;x;;Amount of heat HP 4;0;65535;;6;kWh;r;
0x04;3588;VD HEATING TOTAL;x;x;;Amount of heat HP 4;0;999;;6;kWh;r;
0x04;3589;VD HEATING TOTAL;x;x;;Amount of heat HP 4;0;65535;;6;MWh;r;
0x04;3590;VD DHW DAY;x;x;;Amount of heat HP 4;0;65535;;6;kWh;r;
0x04;3591;VD DHW TOTAL;x;x;;Amount of heat HP 4;0;999;;6;kWh;r;
0x04;3592;VD DHW TOTAL;x;x;;Amount of heat HP 4;0;65535;;6;MWh;r;
0x04;3593;VD HEATING DAY;x;x;;Power consumption HP 4;0;65535;;6;kWh;r;
0x04;3594;VD HEATING TOTAL;x;x;;Power consumption HP 4;0;999;;6;kWh;r;
0x04;3595;VD HEATING TOTAL;x;x;;Power consumption HP 4;0;65535;;6;MWh;r;
0x04;3596;VD DHW DAY;x;x;;Power consumption HP 4;0;65535;;6;kWh;r;
0x04;3597;VD DHW TOTAL;x;x;;Power consumption HP 4;0;999;;6;kWh;r;
0x04;3598;VD DHW TOTAL;x;x;;Power consumption HP 4;0;65535;;6;MWh;r;
0x04;3599;VD 1 HEATING;x;x;;Runtime HP 4;;;;6;h;r;
0x04;3600;VD 2 HEATING;x;x;;Runtime HP 4;;;;6;h;r;
0x04;3601;VD 1/2 HEATING;x;x;;Runtime HP 4;;;;6;h;r;
0x04;3602;VD 1 DHW;x;x;;Runtime HP 4;;;;6;h;r;
0x04;3603;VD 2 DHW;x;x;;Runtime HP 4;;;;6;h;r;
0x04;3604;VD 1/2 DHW;x;x;;Runtime HP 4;;;;6;h;r;
0x04;3605;VD COOLING;x;x;;Runtime HP 4;;;;6;h;r;
0x04;3606;VD HEATING DAY;x;x;;Amount of heat HP 5;0;65535;;6;kWh;r;
0x04;3607;VD HEATING TOTAL;x;x;;Amount of heat HP 5;0;999;;6;kWh;r;
0x04;3608;VD HEATING TOTAL;x;x;;Amount of heat HP 5;0;65535;;6;MWh;r;
0x04;3609;VD DHW DAY;x;x;;Amount of heat HP 5;0;65535;;6;kWh;r;
0x04;3610;VD DHW TOTAL;x;x;;Amount of heat HP 5;0;999;;6;kWh;r;
0x04;3611;VD DHW TOTAL;x;x;;Amount of heat HP 5;0;65535;;6;MWh;r;
0x04;3612;VD HEATING DAY;x;x;;Power consumption HP 5;0;65535;;6;kWh;r;
0x04;3613;VD HEATING TOTAL;x;x;;Power consumption HP 5;0;999;;6;kWh;r;
0x04;3614;VD HEATING TOTAL;x;x;;Power consumption HP 5;0;65535;;6;MWh;r;
0x04;3615;VD DHW DAY;x;x;;Power consumption HP 5;0;65535;;6;kWh;r;
0x04;3616;VD DHW TOTAL;x;x;;Power consumption HP 5;0;999;;6;kWh;r;
0x04;3617;VD DHW TOTAL;x;x;;Power consumption HP 5;0;65535;;6;MWh;r;
0x04;3618;VD 1 HEATING;x;x;;Runtime HP 5;;;;6;h;r;
0x04;3619;VD 2 HEATING;x;x;;Runtime HP 5;;;;6;h;r;
0x04;3620;VD 1/2 HEATING;x;x;;Runtime HP 5;;;;6;h;r;
0x04;3621;VD 1 DHW;x;x;;Runtime HP 5;;;;6;h;r;
0x04;3622;VD 2 DHW;x;x;;Runtime HP 5;;;;6;h;r;
0x04;3623;VD 1/2 DHW;x;x;;Runtime HP 5;;;;6;h;r;
0x04;3624;VD COOLING;x;x;;Runtime HP 5;;;;6;h;r;
0x04;3625;VD HEATING DAY;x;x;;Amount of heat HP 6;0;65535;;6;kWh;r;
0x04;3626;VD HEATING TOTAL;x;x;;Amount of heat HP 6;0;999;;6;kWh;r;
0x04;3627;VD HEATING TOTAL;x;x;;Amount of heat HP 6;0;65535;;6;MWh;r;
0x04;3628;VD DHW DAY;x;x;;Amount of heat HP 6;0;65535;;6;kWh;r;
0x04;3629;VD DHW TOTAL;x;x;;Amount of heat HP 6;0;999;;6;kWh;r;
0x04;3630;VD DHW TOTAL;x;x;;Amount of heat HP 6;0;65535;;6;MWh;r;
0x04;3631;VD HEATING DAY;x;x;;Power consumption HP 6;0;65535;;6;kWh;r;
0x04;3632;VD HEATING TOTAL;x;x;;Power consumption HP 6;0;999;;6;kWh;r;
0x04;3633;VD HEATING TOTAL;x;x;;Power consumption HP 6;0;65535;;6;MWh;r;
0x04;3634;VD DHW DAY;x;x;;Power consumption HP 6;0;65535;;6;kWh;r;
0x04;3635;VD DHW TOTAL;x;x;;Power consumption HP 6;0;999;;6;kWh;r;
0x04;3636;VD DHW TOTAL;x;x;;Power consumption HP 6;0;65535;;6;MWh;r;
0x04;3637;VD 1 HEATING;x;x;;Runtime HP 6;;;;6;h;r;
0x04;3638;VD 2 HEATING;x;x;;Runtime HP 6;;;;6;h;r;
0x04;3639;VD 1/2 HEATING;x;x;;Runtime HP 6;;;;6;h;r;
0x04;3640;VD 1 DHW;x;x;;Runtime HP 6;;;;6;h;r;
0x04;3641;VD 2 DHW;x;x;;Runtime HP 6;;;;6;h;r;
0x04;3642;VD 1/2 DHW;x;x;;Runtime HP 6;;;;6;h;r;
0x04;3643;VD COOLING;x;x;;Runtime HP 6;;;;6;h;r;
0x04;3644;VD HEATING;x;;;Runtime HP 1;;;;6;h;r;
0x04;3645;VD DHW;x;;;Runtime HP 1;;;;6;h;r;
0x04;3646;VD HEATING;x;;;Runtime HP 2;;;;6;h;r;
0x04;3647;VD DHW;x;;;Runtime HP 2;;;;6;h;r;
0x04;3648;VD HEATING;x;;;Runtime HP 3;;;;6;h;r;
0x04;3649;VD DHW;x;;;Runtime HP 3;;;;6;h;r;
0x04;3650;VD HEATING;x;;;Runtime HP 4;;;;6;h;r;
0x04;3651;VD DHW;x;;;Runtime HP 4;;;;6;h;r;
0x04;3652;VD HEATING;x;;;Runtime HP 5;;;;6;h;r;
0x04;3653;VD DHW;x;;;Runtime HP 5;;;;6;h;r;
0x04;3654;VD HEATING;x;;;Runtime HP 6;;;;6;h;r;
0x04;3655;VD DHW;x;;;Runtime HP 6;;;;6;h;r;
